iteration,runner,timestamp,high-level hash,low-level hash,rewrite,error-level,runtime,min,max,std,executions 
0,executor,1668618291461,e3b0c44298fc1c149afbf4c8996fb92427ae41e4649b934ca495991b7852b855,440939e7ec4205d1058dbf0dcc425e3ca180f81845e305caa769e0b340909a68,"[(id, 0)]",ExecutionSuccess,10.341,10.341,28.528,7.221431758314967,5
1,executor,1668618294349,e3b0c44298fc1c149afbf4c8996fb92427ae41e4649b934ca495991b7852b855,02315525ab4af5a76d3652d905817e4f4fc7c1a1fae127f3e1a9284aeb79616b,"[(id, 0)]",ExecutionSuccess,6.915,6.915,7.33,0.1522621423729484,5
2,executor,1668618296472,e3b0c44298fc1c149afbf4c8996fb92427ae41e4649b934ca495991b7852b855,e0975e15ffffeec15c24a901582ce51ccf662d02c9e996135139fb3759e77893,"[(id, 0)]",ExecutionSuccess,6.95,6.95,11.673,1.8224711355738943,5
3,executor,1668618296857,e3b0c44298fc1c149afbf4c8996fb92427ae41e4649b934ca495991b7852b855,8c58ce8d0dea1ac39cc331773b1bfabf61f88b5ee6cda929ab5288f1355c4c14,"[(id, 0)]",ExecutionSuccess,6.883,6.883,6.972,0.030876528302255877,5
4,executor,1668618297265,e3b0c44298fc1c149afbf4c8996fb92427ae41e4649b934ca495991b7852b855,4222c340d9ec58141dbaea79d1309c5d4fb938b25c3a8d6c28faa80a84b8282b,"[(id, 0)]",ExecutionSuccess,6.854,6.854,14.481,2.8911298414287794,5
5,executor,1668618298553,e3b0c44298fc1c149afbf4c8996fb92427ae41e4649b934ca495991b7852b855,a694099179c7601860f3383b263e70cc6adb60b2433f45d354078ad995cf14c2,"[(id, 0)]",ExecutionSuccess,6.842,6.842,6.886,0.01667812939151162,5
6,executor,1668618299912,e3b0c44298fc1c149afbf4c8996fb92427ae41e4649b934ca495991b7852b855,65233a4316bdfdf72c73f84fc380d4b5d01c2f8e90fb52ba8ca60fe76c2f553f,"[(id, 0)]",ExecutionSuccess,6.851,6.851,8.739,0.7249575435844505,5
7,executor,1668618300907,e3b0c44298fc1c149afbf4c8996fb92427ae41e4649b934ca495991b7852b855,e9bb43a6bc8689d09e137ca0128e32c379bf7f6b85e22bbe2f550129c84af579,"[(id, 0)]",ExecutionSuccess,6.87,6.87,7.023,0.058680149965725084,5
8,executor,1668618302132,e3b0c44298fc1c149afbf4c8996fb92427ae41e4649b934ca495991b7852b855,76fb2f7628733cb7afaf5bebdd330377c29d9493919241f685932db8cbf1b22c,"[(id, 0)]",ExecutionSuccess,6.828,6.828,8.613,0.6733198348481942,5
9,executor,1668618303398,e3b0c44298fc1c149afbf4c8996fb92427ae41e4649b934ca495991b7852b855,0c0f867a6d78e4bf2947562f793395a62fda8d16937d6d23ae598c4ce0ef92ed,"[(id, 0)]",ExecutionSuccess,6.824,6.824,9.626,1.0448981959980597,5
10,executor,1668618304722,e3b0c44298fc1c149afbf4c8996fb92427ae41e4649b934ca495991b7852b855,19554ce38e19d0a5499f29edb934abcc1fefa5abccfd5f8bd9fbbee13939ffd3,"[(id, 0)]",ExecutionSuccess,6.822,6.822,6.976,0.05777058074833596,5
11,executor,1668618307020,e3b0c44298fc1c149afbf4c8996fb92427ae41e4649b934ca495991b7852b855,aebca5ecfd99fe0eb525b63ad8f678ab02b6bf7f6db1ff7fb5356a8c9843890c,"[(id, 0)]",ExecutionSuccess,6.893,6.893,6.94,0.01681665840766243,5
12,executor,1668618309472,e3b0c44298fc1c149afbf4c8996fb92427ae41e4649b934ca495991b7852b855,d8088f314a5828a343588a6ca77aecdf330554d28ca3e36b714361d0d13bb578,"[(id, 0)]",ExecutionSuccess,6.908,6.908,7.192,0.1165888502387771,5
13,executor,1668618312198,e3b0c44298fc1c149afbf4c8996fb92427ae41e4649b934ca495991b7852b855,54034dc08c5452085ecc0d5fa28cf2329c61e72511f8571c78f2b48a600eb142,"[(id, 0)]",ExecutionSuccess,6.889,6.889,8.229,0.5304772945188132,5
14,executor,1668618315173,e3b0c44298fc1c149afbf4c8996fb92427ae41e4649b934ca495991b7852b855,90d7cf4d602c2023465e3f38c876db4555d027b107f55f74df45cf261c31637d,"[(id, 0)]",ExecutionSuccess,6.873,6.873,7.529,0.24039334433382295,5
15,executor,1668618317946,e3b0c44298fc1c149afbf4c8996fb92427ae41e4649b934ca495991b7852b855,d9a7ff73fa3f4d75b2bf94fbac481abbaefb242cf488b4b3c2737fa2f9812587,"[(id, 0)]",ExecutionSuccess,6.884,6.884,8.97,0.8138015974425219,5
16,executor,1668618320492,e3b0c44298fc1c149afbf4c8996fb92427ae41e4649b934ca495991b7852b855,165e85f01b10440ce1813e8695449749f2f06d1b48666d38bc90f83a1f781b52,"[(id, 0)]",ExecutionSuccess,6.779,6.779,6.852,0.025115732121521125,5
17,executor,1668618322875,e3b0c44298fc1c149afbf4c8996fb92427ae41e4649b934ca495991b7852b855,7740ff10b2891cb76255871bf59fa4b7bd8bb66047757a39a2ccbb9a50c9feeb,"[(id, 0)]",ExecutionSuccess,6.884,6.884,7.449,0.2199532677638593,5
18,executor,1668618325032,e3b0c44298fc1c149afbf4c8996fb92427ae41e4649b934ca495991b7852b855,8c58ce8d0dea1ac39cc331773b1bfabf61f88b5ee6cda929ab5288f1355c4c14,"[(id, 0)]",ExecutionSuccess,6.89,6.89,10.089,1.2315816822281827,5
19,executor,1668618327263,e3b0c44298fc1c149afbf4c8996fb92427ae41e4649b934ca495991b7852b855,7bb2e25e4b254b8c764ec975c20f30341afed8d5a2dafe01e73b7619a90403b4,"[(id, 0)]",ExecutionSuccess,6.815,6.815,8.894,0.8133952052969086,5
20,executor,1668618329745,e3b0c44298fc1c149afbf4c8996fb92427ae41e4649b934ca495991b7852b855,05b5abbbf70a4f74c87d8d1a37e1cdcc9d88c815591799bdb2ff2550ebed6a33,"[(id, 0)]",ExecutionSuccess,6.848,6.848,8.34,0.5870217713168737,5
21,executor,1668618332257,e3b0c44298fc1c149afbf4c8996fb92427ae41e4649b934ca495991b7852b855,165e85f01b10440ce1813e8695449749f2f06d1b48666d38bc90f83a1f781b52,"[(id, 0)]",ExecutionSuccess,6.815,6.815,8.078,0.49199617884694974,5
22,executor,1668618334803,e3b0c44298fc1c149afbf4c8996fb92427ae41e4649b934ca495991b7852b855,2710513aabf650a49cedceb03f40d7cbde479cc2b9cf6da6a6558194811f39a2,"[(id, 0)]",ExecutionSuccess,6.841,6.841,6.928,0.02835771499962569,5
23,executor,1668618337248,e3b0c44298fc1c149afbf4c8996fb92427ae41e4649b934ca495991b7852b855,bdfe2cd870c0385120d6913d4ab001968cd63de1e0a1cb38af0311c2a309c284,"[(id, 0)]",ExecutionSuccess,6.793,6.793,7.051,0.09731310292041878,5
24,executor,1668618339730,e3b0c44298fc1c149afbf4c8996fb92427ae41e4649b934ca495991b7852b855,0e7b571335f8880e3e65b6ac89f9a13b5eb21449166c15f3356c00be7a2dfa47,"[(id, 0)]",ExecutionSuccess,6.826,6.826,6.952,0.047115178021525136,5
25,executor,1668618341521,e3b0c44298fc1c149afbf4c8996fb92427ae41e4649b934ca495991b7852b855,39063be019e78d48760d2c700a066925fb42a94f106854854079c5fcf9fc54c7,"[(id, 0)]",ExecutionSuccess,9.837,9.837,17.162,2.9133693620960592,5
26,executor,1668618344900,e3b0c44298fc1c149afbf4c8996fb92427ae41e4649b934ca495991b7852b855,450a6564ed35f0d0bf7dc3f23822c7a85617f2c89a6d38106cae2ec44f7efcfd,"[(id, 0)]",ExecutionSuccess,6.842,6.842,13.038,2.357561367175837,5
27,executor,1668618345267,e3b0c44298fc1c149afbf4c8996fb92427ae41e4649b934ca495991b7852b855,cb13b1c0fd9eacb64d1a214b16475e1a6155b71e20c9e5ad1accfc06ed04a37f,"[(id, 0)]",ExecutionSuccess,6.857,6.857,12.167,2.093483164489268,5
28,executor,1668618345618,e3b0c44298fc1c149afbf4c8996fb92427ae41e4649b934ca495991b7852b855,450a6564ed35f0d0bf7dc3f23822c7a85617f2c89a6d38106cae2ec44f7efcfd,"[(id, 0)]",ExecutionSuccess,6.835,6.835,6.962,0.04187791780879265,5
29,executor,1668618345993,e3b0c44298fc1c149afbf4c8996fb92427ae41e4649b934ca495991b7852b855,4e2698b38dfb949b7e9799bfe69d5f78785f198b196c27a3e3b2141630e30bca,"[(id, 0)]",ExecutionSuccess,6.839,6.839,13.621,2.583792437484095,5
30,executor,1668618346353,e3b0c44298fc1c149afbf4c8996fb92427ae41e4649b934ca495991b7852b855,ddce8caf03554b1bf6fda51853b793f16e45c241dbfd2adfceb97c26bcb90389,"[(id, 0)]",ExecutionSuccess,6.824,6.824,6.94,0.04300697617829015,5
31,executor,1668618347600,e3b0c44298fc1c149afbf4c8996fb92427ae41e4649b934ca495991b7852b855,4e2698b38dfb949b7e9799bfe69d5f78785f198b196c27a3e3b2141630e30bca,"[(id, 0)]",ExecutionSuccess,6.803,6.803,6.909,0.04428543778715518,5
32,executor,1668618348851,e3b0c44298fc1c149afbf4c8996fb92427ae41e4649b934ca495991b7852b855,4e2698b38dfb949b7e9799bfe69d5f78785f198b196c27a3e3b2141630e30bca,"[(id, 0)]",ExecutionSuccess,6.872,6.872,7.268,0.13663733018468996,5
33,executor,1668618350166,e3b0c44298fc1c149afbf4c8996fb92427ae41e4649b934ca495991b7852b855,b015ab1812415f6cbb5f48538a214874b8705740b24d82211bde474773c3bff3,"[(id, 0)]",ExecutionSuccess,6.797,6.797,7.568,0.28617868543970904,5
34,executor,1668618351499,e3b0c44298fc1c149afbf4c8996fb92427ae41e4649b934ca495991b7852b855,4e2698b38dfb949b7e9799bfe69d5f78785f198b196c27a3e3b2141630e30bca,"[(id, 0)]",ExecutionSuccess,6.83,6.83,7.422,0.22768803218439035,5
35,executor,1668618353850,e3b0c44298fc1c149afbf4c8996fb92427ae41e4649b934ca495991b7852b855,a0e748b0c26f159a45af31312b823984a0cd3faeb6c02bba5060c01a3398f8ea,"[(id, 0)]",ExecutionSuccess,6.921,6.921,7.087,0.0611208638682405,5
36,executor,1668618356061,e3b0c44298fc1c149afbf4c8996fb92427ae41e4649b934ca495991b7852b855,450a6564ed35f0d0bf7dc3f23822c7a85617f2c89a6d38106cae2ec44f7efcfd,"[(id, 0)]",ExecutionSuccess,6.835,6.835,7.027,0.07309610112721482,5
37,executor,1668618358284,e3b0c44298fc1c149afbf4c8996fb92427ae41e4649b934ca495991b7852b855,4e2698b38dfb949b7e9799bfe69d5f78785f198b196c27a3e3b2141630e30bca,"[(id, 0)]",ExecutionSuccess,6.791,6.791,6.882,0.032455508007116385,5
38,executor,1668618360676,e3b0c44298fc1c149afbf4c8996fb92427ae41e4649b934ca495991b7852b855,91ab2bf2cfce6c126dfc66333d2c3546f03db13edafbdf4bd6c15e003f8567d9,"[(id, 0)]",ExecutionSuccess,6.806,6.806,6.91,0.03351656306962279,5
39,executor,1668618363081,e3b0c44298fc1c149afbf4c8996fb92427ae41e4649b934ca495991b7852b855,cb13b1c0fd9eacb64d1a214b16475e1a6155b71e20c9e5ad1accfc06ed04a37f,"[(id, 0)]",ExecutionSuccess,6.817,6.817,6.9,0.032021242949017634,5
40,executor,1668618365503,e3b0c44298fc1c149afbf4c8996fb92427ae41e4649b934ca495991b7852b855,b015ab1812415f6cbb5f48538a214874b8705740b24d82211bde474773c3bff3,"[(id, 0)]",ExecutionSuccess,6.777,6.777,6.958,0.06279936305409481,5
41,executor,1668618367903,e3b0c44298fc1c149afbf4c8996fb92427ae41e4649b934ca495991b7852b855,ddce8caf03554b1bf6fda51853b793f16e45c241dbfd2adfceb97c26bcb90389,"[(id, 0)]",ExecutionSuccess,6.84,6.84,6.919,0.03045915297574761,5
42,executor,1668618370224,e3b0c44298fc1c149afbf4c8996fb92427ae41e4649b934ca495991b7852b855,cb13b1c0fd9eacb64d1a214b16475e1a6155b71e20c9e5ad1accfc06ed04a37f,"[(id, 0)]",ExecutionSuccess,6.812,6.812,7.483,0.2502058352636882,5
43,executor,1668618372689,e3b0c44298fc1c149afbf4c8996fb92427ae41e4649b934ca495991b7852b855,ddce8caf03554b1bf6fda51853b793f16e45c241dbfd2adfceb97c26bcb90389,"[(id, 0)]",ExecutionSuccess,6.829,6.829,6.872,0.016265300489078087,5
44,executor,1668618375190,e3b0c44298fc1c149afbf4c8996fb92427ae41e4649b934ca495991b7852b855,91ab2bf2cfce6c126dfc66333d2c3546f03db13edafbdf4bd6c15e003f8567d9,"[(id, 0)]",ExecutionSuccess,6.817,6.817,6.862,0.01519999999999995,5
45,executor,1668618377982,e3b0c44298fc1c149afbf4c8996fb92427ae41e4649b934ca495991b7852b855,4e2698b38dfb949b7e9799bfe69d5f78785f198b196c27a3e3b2141630e30bca,"[(id, 0)]",ExecutionSuccess,6.794,6.794,6.855,0.02209615351141487,5
46,executor,1668618380476,e3b0c44298fc1c149afbf4c8996fb92427ae41e4649b934ca495991b7852b855,a0e748b0c26f159a45af31312b823984a0cd3faeb6c02bba5060c01a3398f8ea,"[(id, 0)]",ExecutionSuccess,6.884,6.884,8.332,0.5593616361532139,5
47,executor,1668618383034,e3b0c44298fc1c149afbf4c8996fb92427ae41e4649b934ca495991b7852b855,8f1cebe5c0721f3fabeb891ef8be03a3d2d26ff3c07ea9f58df0413600ecc79a,"[(id, 0)]",ExecutionSuccess,6.873,6.873,8.999,0.8247393285153802,5
48,executor,1668618385398,e3b0c44298fc1c149afbf4c8996fb92427ae41e4649b934ca495991b7852b855,b015ab1812415f6cbb5f48538a214874b8705740b24d82211bde474773c3bff3,"[(id, 0)]",ExecutionSuccess,6.756,6.756,8.016,0.47149948038147393,5
49,executor,1668618388403,e3b0c44298fc1c149afbf4c8996fb92427ae41e4649b934ca495991b7852b855,b015ab1812415f6cbb5f48538a214874b8705740b24d82211bde474773c3bff3,"[(id, 0)]",ExecutionSuccess,6.799,6.799,7.42,0.237252270800513,5
50,executor,1668618390654,e3b0c44298fc1c149afbf4c8996fb92427ae41e4649b934ca495991b7852b855,b015ab1812415f6cbb5f48538a214874b8705740b24d82211bde474773c3bff3,"[(id, 0)]",ExecutionSuccess,6.761,6.761,6.847,0.032774380238228894,5
51,executor,1668618393050,e3b0c44298fc1c149afbf4c8996fb92427ae41e4649b934ca495991b7852b855,cb0db72fc6e51546ce215b1691984cc615016e623ba230f0e1fc48189ea45ea4,"[(id, 0)]",ExecutionSuccess,6.836,6.836,13.338,2.4625784860588706,5
52,executor,1668618393418,e3b0c44298fc1c149afbf4c8996fb92427ae41e4649b934ca495991b7852b855,cb0db72fc6e51546ce215b1691984cc615016e623ba230f0e1fc48189ea45ea4,"[(id, 0)]",ExecutionSuccess,6.888,6.888,12.723,2.2428142499993178,5
53,executor,1668618393799,e3b0c44298fc1c149afbf4c8996fb92427ae41e4649b934ca495991b7852b855,cb0db72fc6e51546ce215b1691984cc615016e623ba230f0e1fc48189ea45ea4,"[(id, 0)]",ExecutionSuccess,6.894,6.894,14.192,2.788052983714621,5
54,executor,1668618394166,e3b0c44298fc1c149afbf4c8996fb92427ae41e4649b934ca495991b7852b855,cb0db72fc6e51546ce215b1691984cc615016e623ba230f0e1fc48189ea45ea4,"[(id, 0)]",ExecutionSuccess,6.845,6.845,13.442,2.5067161466747687,5
55,executor,1668618394541,e3b0c44298fc1c149afbf4c8996fb92427ae41e4649b934ca495991b7852b855,cb0db72fc6e51546ce215b1691984cc615016e623ba230f0e1fc48189ea45ea4,"[(id, 0)]",ExecutionSuccess,6.818,6.818,13.348,2.482138030005584,5
56,executor,1668618395669,e3b0c44298fc1c149afbf4c8996fb92427ae41e4649b934ca495991b7852b855,cb0db72fc6e51546ce215b1691984cc615016e623ba230f0e1fc48189ea45ea4,"[(id, 0)]",ExecutionSuccess,6.774,6.774,13.176,2.4061213269492456,5
57,executor,1668618396780,e3b0c44298fc1c149afbf4c8996fb92427ae41e4649b934ca495991b7852b855,cb0db72fc6e51546ce215b1691984cc615016e623ba230f0e1fc48189ea45ea4,"[(id, 0)]",ExecutionSuccess,6.794,6.794,12.943,2.3359555988930953,5
58,executor,1668618397874,e3b0c44298fc1c149afbf4c8996fb92427ae41e4649b934ca495991b7852b855,cb0db72fc6e51546ce215b1691984cc615016e623ba230f0e1fc48189ea45ea4,"[(id, 0)]",ExecutionSuccess,6.772,6.772,10.533,1.448959433524624,5
59,executor,1668618398985,e3b0c44298fc1c149afbf4c8996fb92427ae41e4649b934ca495991b7852b855,cb0db72fc6e51546ce215b1691984cc615016e623ba230f0e1fc48189ea45ea4,"[(id, 0)]",ExecutionSuccess,6.841,6.841,12.653,2.236570553324889,5
60,executor,1668618401564,e3b0c44298fc1c149afbf4c8996fb92427ae41e4649b934ca495991b7852b855,cb0db72fc6e51546ce215b1691984cc615016e623ba230f0e1fc48189ea45ea4,"[(id, 0)]",ExecutionSuccess,6.782,6.782,14.279,3.018337423152024,5
61,executor,1668618404195,e3b0c44298fc1c149afbf4c8996fb92427ae41e4649b934ca495991b7852b855,cb0db72fc6e51546ce215b1691984cc615016e623ba230f0e1fc48189ea45ea4,"[(id, 0)]",ExecutionSuccess,6.76,6.76,15.179,3.2266984612758596,5
62,executor,1668618407342,e3b0c44298fc1c149afbf4c8996fb92427ae41e4649b934ca495991b7852b855,cb0db72fc6e51546ce215b1691984cc615016e623ba230f0e1fc48189ea45ea4,"[(id, 0)]",ExecutionSuccess,6.805,6.805,14.121,3.037758081217133,5
63,executor,1668618409554,e3b0c44298fc1c149afbf4c8996fb92427ae41e4649b934ca495991b7852b855,cb0db72fc6e51546ce215b1691984cc615016e623ba230f0e1fc48189ea45ea4,"[(id, 0)]",ExecutionSuccess,6.794,6.794,16.073,3.5531782054943433,5
64,executor,1668618412053,e3b0c44298fc1c149afbf4c8996fb92427ae41e4649b934ca495991b7852b855,cb0db72fc6e51546ce215b1691984cc615016e623ba230f0e1fc48189ea45ea4,"[(id, 0)]",ExecutionSuccess,6.787,6.787,13.332,2.6600561948951382,5
65,executor,1668618414741,e3b0c44298fc1c149afbf4c8996fb92427ae41e4649b934ca495991b7852b855,cb0db72fc6e51546ce215b1691984cc615016e623ba230f0e1fc48189ea45ea4,"[(id, 0)]",ExecutionSuccess,6.776,6.776,15.06,3.225694120650624,5
66,executor,1668618417214,e3b0c44298fc1c149afbf4c8996fb92427ae41e4649b934ca495991b7852b855,cb0db72fc6e51546ce215b1691984cc615016e623ba230f0e1fc48189ea45ea4,"[(id, 0)]",ExecutionSuccess,6.787,6.787,13.685,2.999758350267568,5
67,executor,1668618419456,e3b0c44298fc1c149afbf4c8996fb92427ae41e4649b934ca495991b7852b855,cb0db72fc6e51546ce215b1691984cc615016e623ba230f0e1fc48189ea45ea4,"[(id, 0)]",ExecutionSuccess,6.773,6.773,15.288,3.230862881646326,5
68,executor,1668618422354,e3b0c44298fc1c149afbf4c8996fb92427ae41e4649b934ca495991b7852b855,cb0db72fc6e51546ce215b1691984cc615016e623ba230f0e1fc48189ea45ea4,"[(id, 0)]",ExecutionSuccess,6.769,6.769,15.029,3.343755912144306,5
69,executor,1668618424712,e3b0c44298fc1c149afbf4c8996fb92427ae41e4649b934ca495991b7852b855,cb0db72fc6e51546ce215b1691984cc615016e623ba230f0e1fc48189ea45ea4,"[(id, 0)]",ExecutionSuccess,6.77,6.77,11.164,1.6964987002647538,5
70,executor,1668618427162,e3b0c44298fc1c149afbf4c8996fb92427ae41e4649b934ca495991b7852b855,cb0db72fc6e51546ce215b1691984cc615016e623ba230f0e1fc48189ea45ea4,"[(id, 0)]",ExecutionSuccess,6.769,6.769,16.174,3.5622381166901236,5
71,executor,1668618429689,e3b0c44298fc1c149afbf4c8996fb92427ae41e4649b934ca495991b7852b855,cb0db72fc6e51546ce215b1691984cc615016e623ba230f0e1fc48189ea45ea4,"[(id, 0)]",ExecutionSuccess,6.766,6.766,21.097,5.388793608962957,5
72,executor,1668618432499,e3b0c44298fc1c149afbf4c8996fb92427ae41e4649b934ca495991b7852b855,cb0db72fc6e51546ce215b1691984cc615016e623ba230f0e1fc48189ea45ea4,"[(id, 0)]",ExecutionSuccess,6.835,6.835,12.514,2.061191500079505,5
73,executor,1668618435043,e3b0c44298fc1c149afbf4c8996fb92427ae41e4649b934ca495991b7852b855,cb0db72fc6e51546ce215b1691984cc615016e623ba230f0e1fc48189ea45ea4,"[(id, 0)]",ExecutionSuccess,6.763,6.763,18.896,4.575653020061727,5
74,executor,1668618437561,e3b0c44298fc1c149afbf4c8996fb92427ae41e4649b934ca495991b7852b855,cb0db72fc6e51546ce215b1691984cc615016e623ba230f0e1fc48189ea45ea4,"[(id, 0)]",ExecutionSuccess,6.796,6.796,14.478,2.9138145720000783,5
75,executor,1668618439859,e3b0c44298fc1c149afbf4c8996fb92427ae41e4649b934ca495991b7852b855,cb0db72fc6e51546ce215b1691984cc615016e623ba230f0e1fc48189ea45ea4,"[(id, 0)]",ExecutionSuccess,6.811,6.811,14.283,2.848259960045782,5
76,executor,1668618441842,e3b0c44298fc1c149afbf4c8996fb92427ae41e4649b934ca495991b7852b855,4dc73937531e60c6bed864cc31d1fb98bac893e991a96e77063a9cf9db64f4ba,"[(id, 0)]",ExecutionSuccess,6.82,6.82,13.988,2.727455414850992,5
77,executor,1668618442400,e3b0c44298fc1c149afbf4c8996fb92427ae41e4649b934ca495991b7852b855,ede9a640d045f5779a31ac3e9ac135d59be6a05cd7ca539d4a8c60549d062af8,"[(id, 0)]",ExecutionSuccess,6.965,6.965,25.441,6.934159894320291,5
78,executor,1668618442771,e3b0c44298fc1c149afbf4c8996fb92427ae41e4649b934ca495991b7852b855,e8dcff03a15644e1a0366d742814c1efd662a4ed904d46b39732481510d1ba31,"[(id, 0)]",ExecutionSuccess,6.901,6.901,12.805,2.2252519318045767,5
79,executor,1668618443137,e3b0c44298fc1c149afbf4c8996fb92427ae41e4649b934ca495991b7852b855,efbcbaac0ce0f73e5967cf9e84c77d95f31dd1482580a1a7ca1a95e63d6c2ad2,"[(id, 0)]",ExecutionSuccess,6.952,6.952,13.583,2.5498359633513683,5
80,executor,1668618443513,e3b0c44298fc1c149afbf4c8996fb92427ae41e4649b934ca495991b7852b855,55937f9bb2bdba46c052fe4b28ce41a7c36d9e3293b2f7e98afd0ab2f951338f,"[(id, 0)]",ExecutionSuccess,6.866,6.866,14.401,2.876570346784518,5
81,executor,1668618444853,e3b0c44298fc1c149afbf4c8996fb92427ae41e4649b934ca495991b7852b855,2d32ee80464bddccf591c2ab8852bf46ac08c6e5b0a2c592bb5319637a7e00f5,"[(id, 0)]",ExecutionSuccess,6.975,6.975,8.932,0.7605099341888969,5
82,executor,1668618446135,e3b0c44298fc1c149afbf4c8996fb92427ae41e4649b934ca495991b7852b855,9ddabf995e8e0fee192bdd0f598431f1696cfbf517d672f4aec9d6d251b1f8a2,"[(id, 0)]",ExecutionSuccess,6.818,6.818,6.929,0.037475325215400306,5
83,executor,1668618447614,e3b0c44298fc1c149afbf4c8996fb92427ae41e4649b934ca495991b7852b855,b635c699d343bf5ae8623b8ff9368c5b0325f6bb35299ec23aa5260dce29956f,"[(id, 0)]",ExecutionSuccess,6.846,6.846,20.694,5.212594808730101,5
84,executor,1668618449062,e3b0c44298fc1c149afbf4c8996fb92427ae41e4649b934ca495991b7852b855,7c9c56d97de5c50b6066fbc95fefae97a3bc42ea4107256d4ed512b1d5f0f5c7,"[(id, 0)]",ExecutionSuccess,6.84,6.84,12.145,2.038337302803439,5
85,executor,1668618451264,e3b0c44298fc1c149afbf4c8996fb92427ae41e4649b934ca495991b7852b855,b5ca2b592143a9f95b00ecd4191b985912bac729e60fdfedbce8197d32ca6a31,"[(id, 0)]",ExecutionSuccess,6.827,6.827,10.361,1.3604247277964336,5
86,executor,1668618453393,e3b0c44298fc1c149afbf4c8996fb92427ae41e4649b934ca495991b7852b855,d9fe1d3dd1224c53e68f472aa6ca943fbdc991e8eedfa3dd06cfbcaa58ab4a68,"[(id, 0)]",ExecutionSuccess,6.886,6.886,7.256,0.13241510487855992,5
87,executor,1668618455695,e3b0c44298fc1c149afbf4c8996fb92427ae41e4649b934ca495991b7852b855,399a47eb175cc369c47a9899051f52c69b4dcc7241419339809fcec043615640,"[(id, 0)]",ExecutionSuccess,6.84,6.84,7.185,0.1294026274849161,5
88,executor,1668618458111,e3b0c44298fc1c149afbf4c8996fb92427ae41e4649b934ca495991b7852b855,9ddabf995e8e0fee192bdd0f598431f1696cfbf517d672f4aec9d6d251b1f8a2,"[(id, 0)]",ExecutionSuccess,6.837,6.837,7.674,0.3662837151717234,5
89,executor,1668618460302,e3b0c44298fc1c149afbf4c8996fb92427ae41e4649b934ca495991b7852b855,82753be855ab25edf20a0ba787a1c33df99faef79acac303333b40dd1bdf2eab,"[(id, 0)]",ExecutionSuccess,6.865,6.865,6.933,0.022517548712059972,5
90,executor,1668618463419,e3b0c44298fc1c149afbf4c8996fb92427ae41e4649b934ca495991b7852b855,82753be855ab25edf20a0ba787a1c33df99faef79acac303333b40dd1bdf2eab,"[(id, 0)]",ExecutionSuccess,7.047,7.047,16.609,3.689284667791306,5
91,executor,1668618465942,e3b0c44298fc1c149afbf4c8996fb92427ae41e4649b934ca495991b7852b855,8f40e65d59b5c79d208f875e9dfb20d8b52257095f244c873caabe0d4c4cb4d5,"[(id, 0)]",ExecutionSuccess,6.903,6.903,7.204,0.1267034332605079,5
92,executor,1668618468574,e3b0c44298fc1c149afbf4c8996fb92427ae41e4649b934ca495991b7852b855,e8dcff03a15644e1a0366d742814c1efd662a4ed904d46b39732481510d1ba31,"[(id, 0)]",ExecutionSuccess,6.879,6.879,14.49,2.896185587976019,5
93,executor,1668618471038,e3b0c44298fc1c149afbf4c8996fb92427ae41e4649b934ca495991b7852b855,5070e80463ebb862d289ae0fa55dc8b96dc5c9a91a07acf6b0c655bc874480de,"[(id, 0)]",ExecutionSuccess,6.943,6.943,8.217,0.4990214424250728,5
94,executor,1668618473304,e3b0c44298fc1c149afbf4c8996fb92427ae41e4649b934ca495991b7852b855,399a47eb175cc369c47a9899051f52c69b4dcc7241419339809fcec043615640,"[(id, 0)]",ExecutionSuccess,6.907,6.907,6.993,0.03074410512602374,5
95,executor,1668618475645,e3b0c44298fc1c149afbf4c8996fb92427ae41e4649b934ca495991b7852b855,550596c1414133327aa3c55c6ebab0a9bac9f1fcc5c23ca91991b5b587697a92,"[(id, 0)]",ExecutionSuccess,6.898,6.898,7.024,0.04288402966140202,5
96,executor,1668618478590,e3b0c44298fc1c149afbf4c8996fb92427ae41e4649b934ca495991b7852b855,efbcbaac0ce0f73e5967cf9e84c77d95f31dd1482580a1a7ca1a95e63d6c2ad2,"[(id, 0)]",ExecutionSuccess,6.878,6.878,19.843,4.849140789871954,5
97,executor,1668618481610,e3b0c44298fc1c149afbf4c8996fb92427ae41e4649b934ca495991b7852b855,b7a14b1c48daffa069dc97b01672b0130c4008badf088c0e99c7f39ad92c9a15,"[(id, 0)]",ExecutionSuccess,6.971,6.971,10.996,1.7361687245195956,5
98,executor,1668618484927,e3b0c44298fc1c149afbf4c8996fb92427ae41e4649b934ca495991b7852b855,f67aa5c76c27ed028dd05ef412fca572b654e2c7df8651cc5ec10bda49823d77,"[(id, 0)]",ExecutionSuccess,7.027,7.027,14.964,3.0791112354054375,5
99,executor,1668618491040,e3b0c44298fc1c149afbf4c8996fb92427ae41e4649b934ca495991b7852b855,d0b03828c99e23cecad70724974fc5b758fca40ba17dff7731625a069e7c7dbc,"[(id, 0)]",ExecutionSuccess,7.291,7.291,9.885,0.9871783222903548,5
100,executor,1668618496212,e3b0c44298fc1c149afbf4c8996fb92427ae41e4649b934ca495991b7852b855,55937f9bb2bdba46c052fe4b28ce41a7c36d9e3293b2f7e98afd0ab2f951338f,"[(id, 0)]",ExecutionSuccess,6.877,6.877,7.793,0.353601244341702,5
101,executor,1668618498413,e3b0c44298fc1c149afbf4c8996fb92427ae41e4649b934ca495991b7852b855,13233f1d7e75a21cdf9858417395075e5467bdb977657c2ded9e82117d17878b,"[(id, 0)]",ExecutionSuccess,7.069,7.069,8.298,0.47305940430351884,5
102,executor,1668618498793,e3b0c44298fc1c149afbf4c8996fb92427ae41e4649b934ca495991b7852b855,91b3064b6e750d294c48bb26fd17ba3e254947e32649a2f9b6bc001ea2f5969b,"[(id, 0)]",ExecutionSuccess,6.893,6.893,7.021,0.04585804182474436,5
103,executor,1668618499203,e3b0c44298fc1c149afbf4c8996fb92427ae41e4649b934ca495991b7852b855,79365ff94247c8e71a7101dc6292c3d9a8cef9a08ed12af53c31fc3dabd1f6f5,"[(id, 0)]",ExecutionSuccess,6.861,6.861,7.309,0.15920502504632206,5
104,executor,1668618499580,e3b0c44298fc1c149afbf4c8996fb92427ae41e4649b934ca495991b7852b855,417b127247106e75b9f6eafc2ee78c2bedff64a898c2f7d2a2dadb86dc4d84cc,"[(id, 0)]",ExecutionSuccess,6.921,6.921,7.148,0.08724356709809594,5
105,executor,1668618499970,e3b0c44298fc1c149afbf4c8996fb92427ae41e4649b934ca495991b7852b855,fddd8b18527d3e4a278664ac93dde776d8e61b0f525e336207ef2b9c2816d94b,"[(id, 0)]",ExecutionSuccess,7.043,7.043,16.041,3.5054293317652263,5
106,executor,1668618501721,e3b0c44298fc1c149afbf4c8996fb92427ae41e4649b934ca495991b7852b855,d9f6f70982f2c7ac565766f6cf2fd5b811e1ee102aa6653bc375fded5b7f05e6,"[(id, 0)]",ExecutionSuccess,6.977,6.977,9.477,0.9588806807940183,5
107,executor,1668618503524,e3b0c44298fc1c149afbf4c8996fb92427ae41e4649b934ca495991b7852b855,0e9687aca34a5a05ea29eb5a067aac0c1f81e8c425bf64d7b4ded3321750abab,"[(id, 0)]",ExecutionSuccess,6.898,6.898,9.75,1.0929330446097785,5
108,executor,1668618505222,e3b0c44298fc1c149afbf4c8996fb92427ae41e4649b934ca495991b7852b855,75a38db910423ea14cfd44e13f09c4b106866c0a285cc39930bed12f8dcec676,"[(id, 0)]",ExecutionSuccess,6.989,6.989,10.563,1.4347277929976827,5
109,executor,1668618506669,e3b0c44298fc1c149afbf4c8996fb92427ae41e4649b934ca495991b7852b855,c06d396819299c130754ae06142c3f55347e4fae224f3cbfb3b0675691d67217,"[(id, 0)]",ExecutionSuccess,7.198,7.198,11.941,1.8189560302547174,5
110,executor,1668618510218,e3b0c44298fc1c149afbf4c8996fb92427ae41e4649b934ca495991b7852b855,a83021670d30f92813f589adbf996d0600b3c98003c9eda07adaa85ff2cb135d,"[(id, 0)]",ExecutionSuccess,7.258,7.258,9.542,0.8942607226083453,5
111,executor,1668618513370,e3b0c44298fc1c149afbf4c8996fb92427ae41e4649b934ca495991b7852b855,8758c65ca6074bdbe78b85d7dd355f16dafc7871aab33968a1b9ffc339e0ebf0,"[(id, 0)]",ExecutionSuccess,7.037,7.037,9.021,0.7539976127283167,5
112,executor,1668618517735,e3b0c44298fc1c149afbf4c8996fb92427ae41e4649b934ca495991b7852b855,9c4707fd328bf1ca154db5b1de4b3f0be2b49e8027e44f3c6348d9f925032143,"[(id, 0)]",ExecutionSuccess,6.891,6.891,7.29,0.144177113301661,5
113,executor,1668618520907,e3b0c44298fc1c149afbf4c8996fb92427ae41e4649b934ca495991b7852b855,bb3c02d6903f8a90c52ab1c7dd5f715a2474ffd640c2e7133055f3a5d988089d,"[(id, 0)]",ExecutionSuccess,6.879,6.879,7.032,0.05170145065663066,5
114,executor,1668618525033,e3b0c44298fc1c149afbf4c8996fb92427ae41e4649b934ca495991b7852b855,7bf2d32a98c35745aa03731507badd6bfd51c542750ea14b23bb4f38f3f01f11,"[(id, 0)]",ExecutionSuccess,7.123,7.123,10.251,1.1740317542553949,5
115,executor,1668618530143,e3b0c44298fc1c149afbf4c8996fb92427ae41e4649b934ca495991b7852b855,7bfa35bef73a5d02ac089d78f95893cb6ce47eb539de14bc7da659fdcacf2a32,"[(id, 0)]",ExecutionSuccess,6.923,6.923,6.969,0.020360746548199225,5
116,executor,1668618534749,e3b0c44298fc1c149afbf4c8996fb92427ae41e4649b934ca495991b7852b855,3ba799d9aa8fc55bbb18215dd7c6e9161ccae74689e5814b21600d12b5476d1e,"[(id, 0)]",ExecutionSuccess,6.924,6.924,7.076,0.052613306301733005,5
117,executor,1668618537286,e3b0c44298fc1c149afbf4c8996fb92427ae41e4649b934ca495991b7852b855,034eff2aa39c2465a6c6cb1be509e3ed955148a39073bf29206304584252747a,"[(id, 0)]",ExecutionSuccess,6.957,6.957,7.077,0.03886695254325968,5
118,executor,1668618539874,e3b0c44298fc1c149afbf4c8996fb92427ae41e4649b934ca495991b7852b855,142affe4a83f287e6fe21faa72a6b0b71dd41e31bf31eb44aa5729c7e55e69f6,"[(id, 0)]",ExecutionSuccess,6.841,6.841,8.163,0.5142759570502982,5
119,executor,1668618542858,e3b0c44298fc1c149afbf4c8996fb92427ae41e4649b934ca495991b7852b855,13c01a28ddf4222ff7719013a371ed27c021e89424f71103b1068667fed8c31f,"[(id, 0)]",ExecutionSuccess,6.837,6.837,9.77,1.1316256271400007,5
120,executor,1668618545577,e3b0c44298fc1c149afbf4c8996fb92427ae41e4649b934ca495991b7852b855,977396fe55288c5f6a193c90b6ac4bb3f5a40ef30b2ba1379d9c7b3e65197ec9,"[(id, 0)]",ExecutionSuccess,6.906,6.906,7.953,0.4136188583708438,5
121,executor,1668618548119,e3b0c44298fc1c149afbf4c8996fb92427ae41e4649b934ca495991b7852b855,fd793f3f2a93f36b9635fc21486a9814f600d2cfd798574ebf2ad603fef92f9c,"[(id, 0)]",ExecutionSuccess,6.878,6.878,14.101,2.765670667306576,5
122,executor,1668618550995,e3b0c44298fc1c149afbf4c8996fb92427ae41e4649b934ca495991b7852b855,ff00491e132841b3bf8ded5addceb8083bedecacb84479874415fb2647ecc70f,"[(id, 0)]",ExecutionSuccess,6.907,6.907,7.262,0.12101801518782221,5
123,executor,1668618554648,e3b0c44298fc1c149afbf4c8996fb92427ae41e4649b934ca495991b7852b855,cdfbee7ba7d20ea66ef56350cf8b5eb1c8fa224d673b99e013dfdc53cd7caa93,"[(id, 0)]",ExecutionSuccess,6.925,6.925,7.053,0.04207326942370897,5
124,executor,1668618558087,e3b0c44298fc1c149afbf4c8996fb92427ae41e4649b934ca495991b7852b855,d56e6178bf584ff0fe18abace7e0b978c15a5f6aef4d131f8306ca74e6e16c48,"[(id, 0)]",ExecutionSuccess,7.186,7.186,7.248,0.022861321046693688,5
125,executor,1668618561913,e3b0c44298fc1c149afbf4c8996fb92427ae41e4649b934ca495991b7852b855,9a9c4648fde7e9ac463bc8d985a9071a38a1e3fb309e455738f2f9f5c7cf00f3,"[(id, 0)]",ExecutionSuccess,6.921,6.921,7.477,0.2061944713128847,5
126,executor,1668618564515,e3b0c44298fc1c149afbf4c8996fb92427ae41e4649b934ca495991b7852b855,d49f410ffbc22ed5991dd6ffb1065df9041e0775b9278cebd43de4a435a0cd2a,"[(id, 0)]",ExecutionSuccess,6.828,6.828,13.328,2.4732490695439466,5
127,executor,1668618564894,e3b0c44298fc1c149afbf4c8996fb92427ae41e4649b934ca495991b7852b855,0a8bab2ccf2daae7472fa54bc827954c225838382d87d6993d615d09e3cc5e92,"[(id, 0)]",ExecutionSuccess,7.0,7.0,12.61,2.163824669422178,5
128,executor,1668618565282,e3b0c44298fc1c149afbf4c8996fb92427ae41e4649b934ca495991b7852b855,760ae2615f64004cc8c8a29ff54497ccd6305bc0a9b508fccdd8b002a470ad3a,"[(id, 0)]",ExecutionSuccess,6.861,6.861,10.922,1.6402301545819724,5
129,executor,1668618565643,e3b0c44298fc1c149afbf4c8996fb92427ae41e4649b934ca495991b7852b855,7ab01502eb7c872a725563a9a821c4f72ed6cb828a2c64fa13940818e0a55fb7,"[(id, 0)]",ExecutionSuccess,6.945,6.945,7.134,0.07679427061962366,5
130,executor,1668618566012,e3b0c44298fc1c149afbf4c8996fb92427ae41e4649b934ca495991b7852b855,64eeb882a25783c4b0a7505e9006904d008552cf3cb613070b7af600d7dba235,"[(id, 0)]",ExecutionSuccess,6.803,6.803,12.668,2.24153495622977,5
131,executor,1668618567385,e3b0c44298fc1c149afbf4c8996fb92427ae41e4649b934ca495991b7852b855,df193e150e2ef5f8fb468350d2f5493573e9f5e897fa0ceacef88889e2d22ffb,"[(id, 0)]",ExecutionSuccess,6.928,6.928,7.03,0.033493880038001016,5
132,executor,1668618568722,e3b0c44298fc1c149afbf4c8996fb92427ae41e4649b934ca495991b7852b855,0a8bab2ccf2daae7472fa54bc827954c225838382d87d6993d615d09e3cc5e92,"[(id, 0)]",ExecutionSuccess,6.873,6.873,8.408,0.5793308553840368,5
133,executor,1668618569991,e3b0c44298fc1c149afbf4c8996fb92427ae41e4649b934ca495991b7852b855,e638969fc3830318838157038e35cdfd8ee647b7bcc1d54fd07a244f8f41bd00,"[(id, 0)]",ExecutionSuccess,7.002,7.002,7.498,0.1787485384555635,5
134,executor,1668618571241,e3b0c44298fc1c149afbf4c8996fb92427ae41e4649b934ca495991b7852b855,d49f410ffbc22ed5991dd6ffb1065df9041e0775b9278cebd43de4a435a0cd2a,"[(id, 0)]",ExecutionSuccess,6.874,6.874,6.896,0.007678541528181024,5
135,executor,1668618573919,e3b0c44298fc1c149afbf4c8996fb92427ae41e4649b934ca495991b7852b855,df193e150e2ef5f8fb468350d2f5493573e9f5e897fa0ceacef88889e2d22ffb,"[(id, 0)]",ExecutionSuccess,7.013,7.013,7.328,0.11421488519453163,5
136,executor,1668618576396,e3b0c44298fc1c149afbf4c8996fb92427ae41e4649b934ca495991b7852b855,7ab01502eb7c872a725563a9a821c4f72ed6cb828a2c64fa13940818e0a55fb7,"[(id, 0)]",ExecutionSuccess,6.837,6.837,10.038,1.2100203304077168,5
137,executor,1668618580151,e3b0c44298fc1c149afbf4c8996fb92427ae41e4649b934ca495991b7852b855,760ae2615f64004cc8c8a29ff54497ccd6305bc0a9b508fccdd8b002a470ad3a,"[(id, 0)]",ExecutionSuccess,6.945,6.945,7.618,0.24163327585413413,5
138,executor,1668618582189,e3b0c44298fc1c149afbf4c8996fb92427ae41e4649b934ca495991b7852b855,df193e150e2ef5f8fb468350d2f5493573e9f5e897fa0ceacef88889e2d22ffb,"[(id, 0)]",ExecutionSuccess,7.022,7.022,7.243,0.08330042016700769,5
139,executor,1668618584542,e3b0c44298fc1c149afbf4c8996fb92427ae41e4649b934ca495991b7852b855,760ae2615f64004cc8c8a29ff54497ccd6305bc0a9b508fccdd8b002a470ad3a,"[(id, 0)]",ExecutionSuccess,6.888,6.888,7.38,0.16783277391498952,5
140,executor,1668618587472,e3b0c44298fc1c149afbf4c8996fb92427ae41e4649b934ca495991b7852b855,7ab01502eb7c872a725563a9a821c4f72ed6cb828a2c64fa13940818e0a55fb7,"[(id, 0)]",ExecutionSuccess,6.983,6.983,7.034,0.01889550211029069,5
141,executor,1668618589741,e3b0c44298fc1c149afbf4c8996fb92427ae41e4649b934ca495991b7852b855,df193e150e2ef5f8fb468350d2f5493573e9f5e897fa0ceacef88889e2d22ffb,"[(id, 0)]",ExecutionSuccess,7.0,7.0,7.221,0.09222884581301018,5
142,executor,1668618591910,e3b0c44298fc1c149afbf4c8996fb92427ae41e4649b934ca495991b7852b855,e638969fc3830318838157038e35cdfd8ee647b7bcc1d54fd07a244f8f41bd00,"[(id, 0)]",ExecutionSuccess,6.94,6.94,7.065,0.047860631002944264,5
143,executor,1668618594722,e3b0c44298fc1c149afbf4c8996fb92427ae41e4649b934ca495991b7852b855,c6cd68f2648d935a2769a4141fd591fc5156682823c490177f111763ed1f1bf6,"[(id, 0)]",ExecutionSuccess,6.939,6.939,12.063,1.8266719026688947,5
144,executor,1668618597148,e3b0c44298fc1c149afbf4c8996fb92427ae41e4649b934ca495991b7852b855,760ae2615f64004cc8c8a29ff54497ccd6305bc0a9b508fccdd8b002a470ad3a,"[(id, 0)]",ExecutionSuccess,6.962,6.962,7.111,0.052020765084723586,5
145,executor,1668618599513,e3b0c44298fc1c149afbf4c8996fb92427ae41e4649b934ca495991b7852b855,df193e150e2ef5f8fb468350d2f5493573e9f5e897fa0ceacef88889e2d22ffb,"[(id, 0)]",ExecutionSuccess,7.011,7.011,7.192,0.06503045440407135,5
146,executor,1668618602211,e3b0c44298fc1c149afbf4c8996fb92427ae41e4649b934ca495991b7852b855,df193e150e2ef5f8fb468350d2f5493573e9f5e897fa0ceacef88889e2d22ffb,"[(id, 0)]",ExecutionSuccess,6.999,6.999,7.106,0.0414825264418647,5
147,executor,1668618604883,e3b0c44298fc1c149afbf4c8996fb92427ae41e4649b934ca495991b7852b855,c6cd68f2648d935a2769a4141fd591fc5156682823c490177f111763ed1f1bf6,"[(id, 0)]",ExecutionSuccess,6.943,6.943,8.233,0.4972289613447715,5
148,executor,1668618607611,e3b0c44298fc1c149afbf4c8996fb92427ae41e4649b934ca495991b7852b855,760ae2615f64004cc8c8a29ff54497ccd6305bc0a9b508fccdd8b002a470ad3a,"[(id, 0)]",ExecutionSuccess,6.96,6.96,7.231,0.09878177969646014,5
149,executor,1668618610029,e3b0c44298fc1c149afbf4c8996fb92427ae41e4649b934ca495991b7852b855,0a8bab2ccf2daae7472fa54bc827954c225838382d87d6993d615d09e3cc5e92,"[(id, 0)]",ExecutionSuccess,6.92,6.92,7.343,0.15875591327569508,5
150,executor,1668618611931,e3b0c44298fc1c149afbf4c8996fb92427ae41e4649b934ca495991b7852b855,64eeb882a25783c4b0a7505e9006904d008552cf3cb613070b7af600d7dba235,"[(id, 0)]",ExecutionSuccess,6.921,6.921,7.052,0.051740119829779836,5
151,executor,1668618615199,e3b0c44298fc1c149afbf4c8996fb92427ae41e4649b934ca495991b7852b855,3bef073441e47ea3de37e5d91f2670c5c66a918c06b36f971b891e2a87a99da0,"[(id, 0)]",ExecutionSuccess,6.927,6.927,7.215,0.108508801486331,5
152,executor,1668618615591,e3b0c44298fc1c149afbf4c8996fb92427ae41e4649b934ca495991b7852b855,91cf3b4a9107499a542939485bf72086bb004c8101a6a6d094a7628577bfb8f5,"[(id, 0)]",ExecutionSuccess,6.977,6.977,7.082,0.0376669616507623,5
153,executor,1668618615956,e3b0c44298fc1c149afbf4c8996fb92427ae41e4649b934ca495991b7852b855,3bef073441e47ea3de37e5d91f2670c5c66a918c06b36f971b891e2a87a99da0,"[(id, 0)]",ExecutionSuccess,6.961,6.961,7.889,0.33155608876930615,5
154,executor,1668618616320,e3b0c44298fc1c149afbf4c8996fb92427ae41e4649b934ca495991b7852b855,927205a1bde58710b6b66bdc0e7af4b924e3ec69f9a2243b518f7bb87591b6d5,"[(id, 0)]",ExecutionSuccess,6.976,6.976,7.154,0.0731475221726614,5
155,executor,1668618616755,e3b0c44298fc1c149afbf4c8996fb92427ae41e4649b934ca495991b7852b855,5356e8564bd56c2568245de142e4a821128a5be042dd3ce52d807eff67590409,"[(id, 0)]",ExecutionSuccess,6.998,6.998,7.177,0.06147324621329166,5
156,executor,1668618618059,e3b0c44298fc1c149afbf4c8996fb92427ae41e4649b934ca495991b7852b855,e9922baf072ac612d8b242385a55d30949d02cbca3abcc65ba2386e1e0ce7ca7,"[(id, 0)]",ExecutionSuccess,7.007,7.007,7.234,0.08117388742693071,5
157,executor,1668618619417,e3b0c44298fc1c149afbf4c8996fb92427ae41e4649b934ca495991b7852b855,3c556b49855e01ed14e2aa0ebd06ace2e61625c7b2a6ddaff4c955d88e227216,"[(id, 0)]",ExecutionSuccess,6.957,6.957,7.218,0.10245389206857894,5
158,executor,1668618620837,e3b0c44298fc1c149afbf4c8996fb92427ae41e4649b934ca495991b7852b855,5356e8564bd56c2568245de142e4a821128a5be042dd3ce52d807eff67590409,"[(id, 0)]",ExecutionSuccess,7.087,7.087,7.215,0.052412212317359715,5
159,executor,1668618622151,e3b0c44298fc1c149afbf4c8996fb92427ae41e4649b934ca495991b7852b855,91cf3b4a9107499a542939485bf72086bb004c8101a6a6d094a7628577bfb8f5,"[(id, 0)]",ExecutionSuccess,6.959,6.959,7.217,0.09394807076252298,5
160,executor,1668618625163,e3b0c44298fc1c149afbf4c8996fb92427ae41e4649b934ca495991b7852b855,91cf3b4a9107499a542939485bf72086bb004c8101a6a6d094a7628577bfb8f5,"[(id, 0)]",ExecutionSuccess,6.991,6.991,7.09,0.04111447433690492,5
161,executor,1668618627774,e3b0c44298fc1c149afbf4c8996fb92427ae41e4649b934ca495991b7852b855,5356e8564bd56c2568245de142e4a821128a5be042dd3ce52d807eff67590409,"[(id, 0)]",ExecutionSuccess,7.012,7.012,7.132,0.03846764874540686,5
162,executor,1668618629746,e3b0c44298fc1c149afbf4c8996fb92427ae41e4649b934ca495991b7852b855,536c67b321d1005b8da78d5f750cd2413c73e745f29d3f0ec9226ae6047ff4d9,"[(id, 0)]",ExecutionSuccess,6.938,6.938,7.08,0.05105448070443971,5
163,executor,1668618631843,e3b0c44298fc1c149afbf4c8996fb92427ae41e4649b934ca495991b7852b855,5356e8564bd56c2568245de142e4a821128a5be042dd3ce52d807eff67590409,"[(id, 0)]",ExecutionSuccess,6.997,6.997,7.303,0.10665345751545044,5
164,executor,1668618634251,e3b0c44298fc1c149afbf4c8996fb92427ae41e4649b934ca495991b7852b855,91cf3b4a9107499a542939485bf72086bb004c8101a6a6d094a7628577bfb8f5,"[(id, 0)]",ExecutionSuccess,6.923,6.923,7.041,0.04523892129571621,5
165,executor,1668618636314,e3b0c44298fc1c149afbf4c8996fb92427ae41e4649b934ca495991b7852b855,5356e8564bd56c2568245de142e4a821128a5be042dd3ce52d807eff67590409,"[(id, 0)]",ExecutionSuccess,7.051,7.051,7.164,0.04187791780879264,5
166,executor,1668618638313,e3b0c44298fc1c149afbf4c8996fb92427ae41e4649b934ca495991b7852b855,3c556b49855e01ed14e2aa0ebd06ace2e61625c7b2a6ddaff4c955d88e227216,"[(id, 0)]",ExecutionSuccess,6.943,6.943,7.037,0.03205370493406342,5
167,executor,1668618640382,e3b0c44298fc1c149afbf4c8996fb92427ae41e4649b934ca495991b7852b855,3c154a4a255133d388cb9530efb44236f0716d51b997e7d06c2b4eb9ce68d978,"[(id, 0)]",ExecutionSuccess,6.91,6.91,7.282,0.12593172753520054,5
168,executor,1668618642475,e3b0c44298fc1c149afbf4c8996fb92427ae41e4649b934ca495991b7852b855,3c556b49855e01ed14e2aa0ebd06ace2e61625c7b2a6ddaff4c955d88e227216,"[(id, 0)]",ExecutionSuccess,6.975,6.975,7.819,0.3234683292070493,5
169,executor,1668618644549,e3b0c44298fc1c149afbf4c8996fb92427ae41e4649b934ca495991b7852b855,3c556b49855e01ed14e2aa0ebd06ace2e61625c7b2a6ddaff4c955d88e227216,"[(id, 0)]",ExecutionSuccess,6.99,6.99,9.362,0.90991243534749,5
170,executor,1668618647049,e3b0c44298fc1c149afbf4c8996fb92427ae41e4649b934ca495991b7852b855,536c67b321d1005b8da78d5f750cd2413c73e745f29d3f0ec9226ae6047ff4d9,"[(id, 0)]",ExecutionSuccess,6.982,6.982,7.845,0.32005287063233767,5
171,executor,1668618649530,e3b0c44298fc1c149afbf4c8996fb92427ae41e4649b934ca495991b7852b855,3bef073441e47ea3de37e5d91f2670c5c66a918c06b36f971b891e2a87a99da0,"[(id, 0)]",ExecutionSuccess,6.91,6.91,7.127,0.07593839608524788,5
172,executor,1668618651890,e3b0c44298fc1c149afbf4c8996fb92427ae41e4649b934ca495991b7852b855,3c154a4a255133d388cb9530efb44236f0716d51b997e7d06c2b4eb9ce68d978,"[(id, 0)]",ExecutionSuccess,6.913,6.913,10.309,1.2913915595201941,5
173,executor,1668618654040,e3b0c44298fc1c149afbf4c8996fb92427ae41e4649b934ca495991b7852b855,3c154a4a255133d388cb9530efb44236f0716d51b997e7d06c2b4eb9ce68d978,"[(id, 0)]",ExecutionSuccess,6.914,6.914,7.297,0.14302643112376118,5
174,executor,1668618656498,e3b0c44298fc1c149afbf4c8996fb92427ae41e4649b934ca495991b7852b855,3c154a4a255133d388cb9530efb44236f0716d51b997e7d06c2b4eb9ce68d978,"[(id, 0)]",ExecutionSuccess,6.905,6.905,7.137,0.07859363841940373,5
175,executor,1668618658352,e3b0c44298fc1c149afbf4c8996fb92427ae41e4649b934ca495991b7852b855,3c154a4a255133d388cb9530efb44236f0716d51b997e7d06c2b4eb9ce68d978,"[(id, 0)]",ExecutionSuccess,6.965,6.965,7.226,0.10165234871856131,5
176,executor,1668618660814,e3b0c44298fc1c149afbf4c8996fb92427ae41e4649b934ca495991b7852b855,bbb1456b8800667e51e32c20af1c1319871ac0a23e737dcee602ea0faa9a3925,"[(id, 0)]",ExecutionSuccess,10.002,10.002,10.205,0.06843215618406286,5
177,executor,1668618661239,e3b0c44298fc1c149afbf4c8996fb92427ae41e4649b934ca495991b7852b855,339bbf614d138e78a27caecbbf7faea12c85e1d9f1bedd2bb1b920b7972d28aa,"[(id, 0)]",ExecutionSuccess,10.326,10.326,15.022,1.7666299442724274,5
178,executor,1668618661625,e3b0c44298fc1c149afbf4c8996fb92427ae41e4649b934ca495991b7852b855,1e9378154a9a14f68348b102524f7ddf5be1c58b5886b5cf10d3acac7e4fbc27,"[(id, 0)]",ExecutionSuccess,10.228,10.228,11.954,0.6436954559417057,5
179,executor,1668618663006,e3b0c44298fc1c149afbf4c8996fb92427ae41e4649b934ca495991b7852b855,afd1fd45b6b747712faa85b4c774464164d35422098b31a9dc3e642ce9d679e3,"[(id, 0)]",ExecutionSuccess,10.342,10.342,11.58,0.46663844676580185,5
180,executor,1668618664243,e3b0c44298fc1c149afbf4c8996fb92427ae41e4649b934ca495991b7852b855,f8317a647cc4640ce5f71cdc6f1933ef2e03d4436ae5573f7793804a942a11e0,"[(id, 0)]",ExecutionSuccess,10.139,10.139,13.3,1.238851500382512,5
181,executor,1668618665435,e3b0c44298fc1c149afbf4c8996fb92427ae41e4649b934ca495991b7852b855,ff643c0fc70c0c3f0dff3c9fbbeded63feb7cedfe37e6cc70c76be7b54168077,"[(id, 0)]",ExecutionSuccess,10.03,10.03,21.284,4.296114039454726,5
182,executor,1668618666594,e3b0c44298fc1c149afbf4c8996fb92427ae41e4649b934ca495991b7852b855,697f99d2dfaf51c82fceaa91372a69cf04228aeb58c2ffc8d14eee331a05b723,"[(id, 0)]",ExecutionSuccess,10.019,10.019,15.015,2.192357598568263,5
183,executor,1668618667642,e3b0c44298fc1c149afbf4c8996fb92427ae41e4649b934ca495991b7852b855,c39ec83dc34800c3a04de6d2531be7c3254849b3bf87b1cb805072a0cada0016,"[(id, 0)]",ExecutionSuccess,10.043,10.043,13.896,1.4879729298612934,5
184,executor,1668618668686,e3b0c44298fc1c149afbf4c8996fb92427ae41e4649b934ca495991b7852b855,072d6e3d5f378ccbba61dc2c34d77296af4e9a133dac7f77d2071073b0b19054,"[(id, 0)]",ExecutionSuccess,9.998,9.998,14.114,1.6079806715256253,5
185,executor,1668618670394,e3b0c44298fc1c149afbf4c8996fb92427ae41e4649b934ca495991b7852b855,f78dc01d37cfd754ab2cc2c514aef8f733f7361d1ff79855e06cda00f50a47d3,"[(id, 0)]",ExecutionSuccess,10.041,10.041,11.46,0.550568070269245,5
186,executor,1668618671846,e3b0c44298fc1c149afbf4c8996fb92427ae41e4649b934ca495991b7852b855,f7a3f947e3d2b39545e064e70aa6c23d97866ed81e537582df04d9154882090d,"[(id, 0)]",ExecutionSuccess,9.936,9.936,10.129,0.07650464038213628,5
187,executor,1668618673484,e3b0c44298fc1c149afbf4c8996fb92427ae41e4649b934ca495991b7852b855,4f4ab0fe179fc696fb16aa97eaa8855017c281f33d00eb89ece9eb954e2a0bf6,"[(id, 0)]",ExecutionSuccess,9.936,9.936,10.692,0.25139896578944,5
188,executor,1668618675760,e3b0c44298fc1c149afbf4c8996fb92427ae41e4649b934ca495991b7852b855,7aec8a78171db78f6d609f47753d1fae01d582889fd4d2c752d40a06bccf5475,"[(id, 0)]",ExecutionSuccess,10.196,10.196,10.454,0.08261234774535857,5
189,executor,1668618677357,e3b0c44298fc1c149afbf4c8996fb92427ae41e4649b934ca495991b7852b855,ee5094c4547929f658560e4452323b9a0749a2ac89c2519db53d5f2531fbf855,"[(id, 0)]",ExecutionSuccess,10.048,10.048,10.358,0.11280709197563796,5
190,executor,1668618679570,e3b0c44298fc1c149afbf4c8996fb92427ae41e4649b934ca495991b7852b855,6357927855b6617de0fe0659347a56f1436391573d4806cedfa6145f5e1ed382,"[(id, 0)]",ExecutionSuccess,10.232,10.232,10.304,0.027578252301406245,5
191,executor,1668618681501,e3b0c44298fc1c149afbf4c8996fb92427ae41e4649b934ca495991b7852b855,bd5e29542ebb9bb4784be4263599dbfbb2d405abeccf6a38fb682112e4710a86,"[(id, 0)]",ExecutionSuccess,10.067,10.067,10.214,0.06257603375094972,5
192,executor,1668618683361,e3b0c44298fc1c149afbf4c8996fb92427ae41e4649b934ca495991b7852b855,7f4bcb73f195f5317f7ccff90935aca9fd155fb957e20548482bc74e5f1d1d11,"[(id, 0)]",ExecutionSuccess,10.003,10.003,10.114,0.036861904454328166,5
193,executor,1668618685003,e3b0c44298fc1c149afbf4c8996fb92427ae41e4649b934ca495991b7852b855,d619c2ce635b660b840c4a391c1e973e860b8e716e80409669214bd951737f42,"[(id, 0)]",ExecutionSuccess,10.164,10.164,12.629,0.9454202451820036,5
194,executor,1668618686917,e3b0c44298fc1c149afbf4c8996fb92427ae41e4649b934ca495991b7852b855,514762bf6e491e16d720c6e1702c6316358d22d9dec3848869b2b9f74f3f349b,"[(id, 0)]",ExecutionSuccess,10.004,10.004,10.882,0.3370477710948403,5
195,executor,1668618688711,e3b0c44298fc1c149afbf4c8996fb92427ae41e4649b934ca495991b7852b855,5d602ea95789bea3ded1073f2a72ff169968521b12dd2fd8cf265fa6cebeac88,"[(id, 0)]",ExecutionSuccess,10.158,10.158,12.457,0.8869075712835023,5
196,executor,1668618690582,e3b0c44298fc1c149afbf4c8996fb92427ae41e4649b934ca495991b7852b855,944c2277e70b8a035ab3f203f95b147abc3f36cb0c4d14242a2084b3b1683537,"[(id, 0)]",ExecutionSuccess,10.338,10.338,10.549,0.07615668059993164,5
197,executor,1668618695704,e3b0c44298fc1c149afbf4c8996fb92427ae41e4649b934ca495991b7852b855,203ca123f058ee081c0464d985b5293e22482125147086e63dc6ea7a916cdaf3,"[(id, 0)]",ExecutionSuccess,10.177,10.177,10.32,0.05725172486484606,5
198,executor,1668618698678,e3b0c44298fc1c149afbf4c8996fb92427ae41e4649b934ca495991b7852b855,94fe5178fa7ee25d7bee30025c4b83f156b19e5401d6c1ca29148f942ed88e50,"[(id, 0)]",ExecutionSuccess,10.173,10.173,11.038,0.30861406319220147,5
199,executor,1668618701059,e3b0c44298fc1c149afbf4c8996fb92427ae41e4649b934ca495991b7852b855,bc16a6220ff751683a86c0e2ddd49799385e6513cb0b11fc18b3b2fe3201b3e1,"[(id, 0)]",ExecutionSuccess,6.969,6.969,8.787,0.6199234146247424,5
200,executor,1668618769955,e3b0c44298fc1c149afbf4c8996fb92427ae41e4649b934ca495991b7852b855,bfecef57681998a9c410fd81b242a42e7fa39b8697f9b6554fcb3cc76415123b,"[(id, 0)]",ExecutionSuccess,6.842,6.842,18.571,4.415410667197333,5
201,executor,1668618770392,e3b0c44298fc1c149afbf4c8996fb92427ae41e4649b934ca495991b7852b855,3ce7e5b17e08eba3b2e5148896d9448e26d98e43e6e7b5d3e81b84f30914aa60,"[(id, 0)]",ExecutionSuccess,6.883,6.883,12.889,2.3018458679937717,5
202,executor,1668618770939,e3b0c44298fc1c149afbf4c8996fb92427ae41e4649b934ca495991b7852b855,73ff0fbb51ba8620891c224b71f60052b1b9d7f29e0129570bb39b2c1c5585de,"[(id, 0)]",ExecutionSuccess,6.796,6.796,15.665,3.4793774500620076,5
203,executor,1668618771489,e3b0c44298fc1c149afbf4c8996fb92427ae41e4649b934ca495991b7852b855,01987935be89b66c5590c910993445eb78e18c1fbc06cd556ea24242b15a0480,"[(id, 0)]",ExecutionSuccess,6.838,6.838,36.302,11.027176229660974,5
204,executor,1668618772016,e3b0c44298fc1c149afbf4c8996fb92427ae41e4649b934ca495991b7852b855,3ce7e5b17e08eba3b2e5148896d9448e26d98e43e6e7b5d3e81b84f30914aa60,"[(id, 0)]",ExecutionSuccess,6.972,6.972,20.953,5.238186197530592,5
205,executor,1668618772494,e3b0c44298fc1c149afbf4c8996fb92427ae41e4649b934ca495991b7852b855,bfecef57681998a9c410fd81b242a42e7fa39b8697f9b6554fcb3cc76415123b,"[(id, 0)]",ExecutionSuccess,6.83,6.83,11.671,1.8101388455032943,5
206,executor,1668618773035,e3b0c44298fc1c149afbf4c8996fb92427ae41e4649b934ca495991b7852b855,41658ad39fbbdf8b7fa6305c95eeae32d46beb95e018c0bc04bdd91b95290835,"[(id, 0)]",ExecutionSuccess,6.861,6.861,16.661,3.7612033393582966,5
207,executor,1668618774069,e3b0c44298fc1c149afbf4c8996fb92427ae41e4649b934ca495991b7852b855,73ff0fbb51ba8620891c224b71f60052b1b9d7f29e0129570bb39b2c1c5585de,"[(id, 0)]",ExecutionSuccess,6.851,6.851,7.751,0.35223230970483116,5
208,executor,1668618775155,e3b0c44298fc1c149afbf4c8996fb92427ae41e4649b934ca495991b7852b855,73ff0fbb51ba8620891c224b71f60052b1b9d7f29e0129570bb39b2c1c5585de,"[(id, 0)]",ExecutionSuccess,6.817,6.817,7.095,0.10068048470284582,5
209,executor,1668618777186,e3b0c44298fc1c149afbf4c8996fb92427ae41e4649b934ca495991b7852b855,73ff0fbb51ba8620891c224b71f60052b1b9d7f29e0129570bb39b2c1c5585de,"[(id, 0)]",ExecutionSuccess,6.831,6.831,8.161,0.5138513403699555,5
210,executor,1668618779342,e3b0c44298fc1c149afbf4c8996fb92427ae41e4649b934ca495991b7852b855,73ff0fbb51ba8620891c224b71f60052b1b9d7f29e0129570bb39b2c1c5585de,"[(id, 0)]",ExecutionSuccess,6.858,6.858,7.22,0.16856618878054996,5
211,executor,1668618781791,e3b0c44298fc1c149afbf4c8996fb92427ae41e4649b934ca495991b7852b855,73ff0fbb51ba8620891c224b71f60052b1b9d7f29e0129570bb39b2c1c5585de,"[(id, 0)]",ExecutionSuccess,6.788,6.788,8.639,0.7226525029362312,5
212,executor,1668618784076,e3b0c44298fc1c149afbf4c8996fb92427ae41e4649b934ca495991b7852b855,73ff0fbb51ba8620891c224b71f60052b1b9d7f29e0129570bb39b2c1c5585de,"[(id, 0)]",ExecutionSuccess,6.778,6.778,7.246,0.17638752790376103,5
213,executor,1668618786100,e3b0c44298fc1c149afbf4c8996fb92427ae41e4649b934ca495991b7852b855,73ff0fbb51ba8620891c224b71f60052b1b9d7f29e0129570bb39b2c1c5585de,"[(id, 0)]",ExecutionSuccess,6.812,6.812,7.091,0.11386764246264162,5
